-- db.json -> PostgreSQL migration SQL (v1)
-- generated by scripts/migrate_dbjson_to_postgres_v1.mjs
BEGIN;
INSERT INTO users (id, name, mobile_enc, mobile_masked, is_verified_basic, verified_at, created_at, updated_at) VALUES (1, '张三', '13800000000', '13800000000', TRUE, '2026-02-23T10:18:49.852Z', '2026-02-22T15:18:13.014Z', '2026-02-23T11:26:45.152Z') ON CONFLICT (id) DO UPDATE SET name = EXCLUDED.name, is_verified_basic = EXCLUDED.is_verified_basic, verified_at = EXCLUDED.verified_at, updated_at = EXCLUDED.updated_at;
INSERT INTO users (id, name, mobile_enc, mobile_masked, is_verified_basic, verified_at, created_at, updated_at) VALUES (2, '张三', '13800000002', '13800000002', TRUE, '2026-02-23T00:04:36.355Z', '2026-02-23T00:04:36.355Z', '2026-02-23T11:26:45.152Z') ON CONFLICT (id) DO UPDATE SET name = EXCLUDED.name, is_verified_basic = EXCLUDED.is_verified_basic, verified_at = EXCLUDED.verified_at, updated_at = EXCLUDED.updated_at;
INSERT INTO users (id, name, mobile_enc, mobile_masked, is_verified_basic, verified_at, created_at, updated_at) VALUES (3, '张三', '13800000003', '13800000003', TRUE, '2026-02-23T00:05:09.924Z', '2026-02-23T00:05:09.924Z', '2026-02-23T11:26:45.152Z') ON CONFLICT (id) DO UPDATE SET name = EXCLUDED.name, is_verified_basic = EXCLUDED.is_verified_basic, verified_at = EXCLUDED.verified_at, updated_at = EXCLUDED.updated_at;
INSERT INTO users (id, name, mobile_enc, mobile_masked, is_verified_basic, verified_at, created_at, updated_at) VALUES (4, '张三', '13800000009', '13800000009', TRUE, '2026-02-23T00:06:43.094Z', '2026-02-23T00:06:43.094Z', '2026-02-23T11:26:45.152Z') ON CONFLICT (id) DO UPDATE SET name = EXCLUDED.name, is_verified_basic = EXCLUDED.is_verified_basic, verified_at = EXCLUDED.verified_at, updated_at = EXCLUDED.updated_at;
INSERT INTO users (id, name, mobile_enc, mobile_masked, is_verified_basic, verified_at, created_at, updated_at) VALUES (5, '哈哈', '18616135811', '18616135811', TRUE, '2026-02-23T07:14:32.997Z', '2026-02-23T00:19:34.375Z', '2026-02-23T11:26:45.152Z') ON CONFLICT (id) DO UPDATE SET name = EXCLUDED.name, is_verified_basic = EXCLUDED.is_verified_basic, verified_at = EXCLUDED.verified_at, updated_at = EXCLUDED.updated_at;
INSERT INTO users (id, name, mobile_enc, mobile_masked, is_verified_basic, verified_at, created_at, updated_at) VALUES (6, '张三', '13800000124', '13800000124', TRUE, '2026-02-23T02:49:01.541Z', '2026-02-23T02:49:01.541Z', '2026-02-23T11:26:45.152Z') ON CONFLICT (id) DO UPDATE SET name = EXCLUDED.name, is_verified_basic = EXCLUDED.is_verified_basic, verified_at = EXCLUDED.verified_at, updated_at = EXCLUDED.updated_at;
INSERT INTO users (id, name, mobile_enc, mobile_masked, is_verified_basic, verified_at, created_at, updated_at) VALUES (7, '张三', '13900000003', '13900000003', TRUE, '2026-02-23T03:45:22.330Z', '2026-02-23T03:45:22.330Z', '2026-02-23T11:26:45.152Z') ON CONFLICT (id) DO UPDATE SET name = EXCLUDED.name, is_verified_basic = EXCLUDED.is_verified_basic, verified_at = EXCLUDED.verified_at, updated_at = EXCLUDED.updated_at;
INSERT INTO users (id, name, mobile_enc, mobile_masked, is_verified_basic, verified_at, created_at, updated_at) VALUES (8, '张三', '13800000125', '13800000125', TRUE, '2026-02-23T03:58:12.540Z', '2026-02-23T03:58:12.540Z', '2026-02-23T11:26:45.152Z') ON CONFLICT (id) DO UPDATE SET name = EXCLUDED.name, is_verified_basic = EXCLUDED.is_verified_basic, verified_at = EXCLUDED.verified_at, updated_at = EXCLUDED.updated_at;
INSERT INTO point_transactions (id, user_id, direction, amount, source_type, source_id, idempotency_key, balance_after, created_at) VALUES (1, 1, 'in', 200, 'onboard', '1', 'legacy-pt-1', 200, '2026-02-22T15:18:13.014Z') ON CONFLICT (id) DO NOTHING;
INSERT INTO point_transactions (id, user_id, direction, amount, source_type, source_id, idempotency_key, balance_after, created_at) VALUES (2, 1, 'in', 10, 'daily_sign_in', '2026-02-22', 'legacy-pt-2', 210, '2026-02-22T15:18:24.829Z') ON CONFLICT (id) DO NOTHING;
INSERT INTO point_transactions (id, user_id, direction, amount, source_type, source_id, idempotency_key, balance_after, created_at) VALUES (3, 2, 'in', 200, 'onboard', '2', 'legacy-pt-3', 200, '2026-02-23T00:04:36.355Z') ON CONFLICT (id) DO NOTHING;
INSERT INTO point_transactions (id, user_id, direction, amount, source_type, source_id, idempotency_key, balance_after, created_at) VALUES (4, 2, 'in', 10, 'daily_sign_in', '2026-02-23', 'legacy-pt-4', 210, '2026-02-23T00:04:36.426Z') ON CONFLICT (id) DO NOTHING;
INSERT INTO point_transactions (id, user_id, direction, amount, source_type, source_id, idempotency_key, balance_after, created_at) VALUES (5, 2, 'in', 100, 'activity_task', '3', 'legacy-pt-5', 310, '2026-02-23T00:04:36.593Z') ON CONFLICT (id) DO NOTHING;
INSERT INTO point_transactions (id, user_id, direction, amount, source_type, source_id, idempotency_key, balance_after, created_at) VALUES (6, 2, 'in', 50, 'course_complete', '1', 'legacy-pt-6', 360, '2026-02-23T00:04:36.645Z') ON CONFLICT (id) DO NOTHING;
INSERT INTO point_transactions (id, user_id, direction, amount, source_type, source_id, idempotency_key, balance_after, created_at) VALUES (7, 3, 'in', 200, 'onboard', '3', 'legacy-pt-7', 200, '2026-02-23T00:05:09.924Z') ON CONFLICT (id) DO NOTHING;
INSERT INTO point_transactions (id, user_id, direction, amount, source_type, source_id, idempotency_key, balance_after, created_at) VALUES (8, 3, 'in', 10, 'daily_sign_in', '2026-02-23', 'legacy-pt-8', 210, '2026-02-23T00:05:09.962Z') ON CONFLICT (id) DO NOTHING;
INSERT INTO point_transactions (id, user_id, direction, amount, source_type, source_id, idempotency_key, balance_after, created_at) VALUES (9, 3, 'in', 100, 'activity_task', '3', 'legacy-pt-9', 310, '2026-02-23T00:05:09.970Z') ON CONFLICT (id) DO NOTHING;
INSERT INTO point_transactions (id, user_id, direction, amount, source_type, source_id, idempotency_key, balance_after, created_at) VALUES (10, 3, 'in', 50, 'course_complete', '1', 'legacy-pt-10', 360, '2026-02-23T00:05:09.977Z') ON CONFLICT (id) DO NOTHING;
INSERT INTO point_transactions (id, user_id, direction, amount, source_type, source_id, idempotency_key, balance_after, created_at) VALUES (11, 3, 'out', 300, 'redeem', '1', 'legacy-pt-11', 60, '2026-02-23T00:05:10.019Z') ON CONFLICT (id) DO NOTHING;
INSERT INTO point_transactions (id, user_id, direction, amount, source_type, source_id, idempotency_key, balance_after, created_at) VALUES (12, 4, 'in', 200, 'onboard', '4', 'legacy-pt-12', 200, '2026-02-23T00:06:43.094Z') ON CONFLICT (id) DO NOTHING;
INSERT INTO point_transactions (id, user_id, direction, amount, source_type, source_id, idempotency_key, balance_after, created_at) VALUES (13, 4, 'in', 10, 'daily_sign_in', '2026-02-23', 'legacy-pt-13', 210, '2026-02-23T00:06:43.162Z') ON CONFLICT (id) DO NOTHING;
INSERT INTO point_transactions (id, user_id, direction, amount, source_type, source_id, idempotency_key, balance_after, created_at) VALUES (14, 4, 'in', 100, 'activity_task', '3', 'legacy-pt-14', 310, '2026-02-23T00:06:43.170Z') ON CONFLICT (id) DO NOTHING;
INSERT INTO point_transactions (id, user_id, direction, amount, source_type, source_id, idempotency_key, balance_after, created_at) VALUES (15, 4, 'in', 50, 'course_complete', '1', 'legacy-pt-15', 360, '2026-02-23T00:06:43.178Z') ON CONFLICT (id) DO NOTHING;
INSERT INTO point_transactions (id, user_id, direction, amount, source_type, source_id, idempotency_key, balance_after, created_at) VALUES (16, 4, 'out', 300, 'redeem', '2', 'legacy-pt-16', 60, '2026-02-23T00:06:43.310Z') ON CONFLICT (id) DO NOTHING;
INSERT INTO point_transactions (id, user_id, direction, amount, source_type, source_id, idempotency_key, balance_after, created_at) VALUES (17, 5, 'in', 200, 'onboard', '5', 'legacy-pt-17', 200, '2026-02-23T00:19:34.375Z') ON CONFLICT (id) DO NOTHING;
INSERT INTO point_transactions (id, user_id, direction, amount, source_type, source_id, idempotency_key, balance_after, created_at) VALUES (18, 6, 'in', 200, 'onboard', '6', 'legacy-pt-18', 200, '2026-02-23T02:49:01.541Z') ON CONFLICT (id) DO NOTHING;
INSERT INTO point_transactions (id, user_id, direction, amount, source_type, source_id, idempotency_key, balance_after, created_at) VALUES (19, 6, 'in', 500, 'activity_task', '4', 'legacy-pt-19', 700, '2026-02-23T02:49:01.715Z') ON CONFLICT (id) DO NOTHING;
INSERT INTO point_transactions (id, user_id, direction, amount, source_type, source_id, idempotency_key, balance_after, created_at) VALUES (20, 6, 'in', 10, 'daily_sign_in', '2026-02-23', 'legacy-pt-20', 710, '2026-02-23T02:49:01.746Z') ON CONFLICT (id) DO NOTHING;
INSERT INTO point_transactions (id, user_id, direction, amount, source_type, source_id, idempotency_key, balance_after, created_at) VALUES (21, 2, 'out', 300, 'redeem', '3', 'legacy-pt-21', 60, '2026-02-23T02:50:59.291Z') ON CONFLICT (id) DO NOTHING;
INSERT INTO point_transactions (id, user_id, direction, amount, source_type, source_id, idempotency_key, balance_after, created_at) VALUES (22, 7, 'in', 200, 'onboard', '7', 'legacy-pt-22', 200, '2026-02-23T03:45:22.330Z') ON CONFLICT (id) DO NOTHING;
INSERT INTO point_transactions (id, user_id, direction, amount, source_type, source_id, idempotency_key, balance_after, created_at) VALUES (23, 7, 'in', 20, 'course_complete', '3', 'legacy-pt-23', 220, '2026-02-23T03:45:22.442Z') ON CONFLICT (id) DO NOTHING;
INSERT INTO point_transactions (id, user_id, direction, amount, source_type, source_id, idempotency_key, balance_after, created_at) VALUES (24, 8, 'in', 200, 'onboard', '8', 'legacy-pt-24', 200, '2026-02-23T03:58:12.540Z') ON CONFLICT (id) DO NOTHING;
INSERT INTO point_transactions (id, user_id, direction, amount, source_type, source_id, idempotency_key, balance_after, created_at) VALUES (25, 8, 'in', 50, 'course_complete', '1', 'legacy-pt-25', 250, '2026-02-23T03:58:12.625Z') ON CONFLICT (id) DO NOTHING;
INSERT INTO point_transactions (id, user_id, direction, amount, source_type, source_id, idempotency_key, balance_after, created_at) VALUES (26, 5, 'in', 50, 'course_complete', '1', 'legacy-pt-26', 250, '2026-02-23T07:34:17.496Z') ON CONFLICT (id) DO NOTHING;
INSERT INTO point_transactions (id, user_id, direction, amount, source_type, source_id, idempotency_key, balance_after, created_at) VALUES (27, 5, 'in', 10, 'daily_sign_in', '2026-02-23', 'legacy-pt-27', 260, '2026-02-23T09:57:20.623Z') ON CONFLICT (id) DO NOTHING;
INSERT INTO point_transactions (id, user_id, direction, amount, source_type, source_id, idempotency_key, balance_after, created_at) VALUES (28, 1, 'in', 10, 'daily_sign_in', '2026-02-23', 'legacy-pt-28', 220, '2026-02-23T10:03:01.430Z') ON CONFLICT (id) DO NOTHING;
INSERT INTO point_accounts (user_id, balance, updated_at) VALUES (1, 220, '2026-02-23T11:26:45.152Z') ON CONFLICT (user_id) DO UPDATE SET balance = EXCLUDED.balance, updated_at = EXCLUDED.updated_at;
INSERT INTO point_accounts (user_id, balance, updated_at) VALUES (2, 60, '2026-02-23T11:26:45.152Z') ON CONFLICT (user_id) DO UPDATE SET balance = EXCLUDED.balance, updated_at = EXCLUDED.updated_at;
INSERT INTO point_accounts (user_id, balance, updated_at) VALUES (3, 60, '2026-02-23T11:26:45.152Z') ON CONFLICT (user_id) DO UPDATE SET balance = EXCLUDED.balance, updated_at = EXCLUDED.updated_at;
INSERT INTO point_accounts (user_id, balance, updated_at) VALUES (4, 60, '2026-02-23T11:26:45.152Z') ON CONFLICT (user_id) DO UPDATE SET balance = EXCLUDED.balance, updated_at = EXCLUDED.updated_at;
INSERT INTO point_accounts (user_id, balance, updated_at) VALUES (5, 260, '2026-02-23T11:26:45.152Z') ON CONFLICT (user_id) DO UPDATE SET balance = EXCLUDED.balance, updated_at = EXCLUDED.updated_at;
INSERT INTO point_accounts (user_id, balance, updated_at) VALUES (6, 710, '2026-02-23T11:26:45.152Z') ON CONFLICT (user_id) DO UPDATE SET balance = EXCLUDED.balance, updated_at = EXCLUDED.updated_at;
INSERT INTO point_accounts (user_id, balance, updated_at) VALUES (7, 220, '2026-02-23T11:26:45.152Z') ON CONFLICT (user_id) DO UPDATE SET balance = EXCLUDED.balance, updated_at = EXCLUDED.updated_at;
INSERT INTO point_accounts (user_id, balance, updated_at) VALUES (8, 250, '2026-02-23T11:26:45.152Z') ON CONFLICT (user_id) DO UPDATE SET balance = EXCLUDED.balance, updated_at = EXCLUDED.updated_at;
INSERT INTO mall_items (id, name, points_cost, stock, is_active, sort_order, created_at, updated_at) VALUES (1, '智能低糖电饭煲', 1200, 50, TRUE, 0, '2026-02-23T11:26:45.152Z', '2026-02-23T11:26:45.152Z') ON CONFLICT (id) DO UPDATE SET name = EXCLUDED.name, points_cost = EXCLUDED.points_cost, stock = EXCLUDED.stock, is_active = EXCLUDED.is_active, updated_at = EXCLUDED.updated_at;
INSERT INTO mall_items (id, name, points_cost, stock, is_active, sort_order, created_at, updated_at) VALUES (2, '家庭体检套餐', 800, 80, TRUE, 0, '2026-02-23T11:26:45.152Z', '2026-02-23T11:26:45.152Z') ON CONFLICT (id) DO UPDATE SET name = EXCLUDED.name, points_cost = EXCLUDED.points_cost, stock = EXCLUDED.stock, is_active = EXCLUDED.is_active, updated_at = EXCLUDED.updated_at;
INSERT INTO mall_items (id, name, points_cost, stock, is_active, sort_order, created_at, updated_at) VALUES (3, '健康管理咨询券', 300, 996, TRUE, 0, '2026-02-23T11:26:45.152Z', '2026-02-23T11:26:45.152Z') ON CONFLICT (id) DO UPDATE SET name = EXCLUDED.name, points_cost = EXCLUDED.points_cost, stock = EXCLUDED.stock, is_active = EXCLUDED.is_active, updated_at = EXCLUDED.updated_at;
INSERT INTO redemption_orders (id, user_id, item_id, item_name, points_cost, writeoff_token, status, expires_at, written_off_at, created_at) VALUES (1, 3, 3, '健康管理咨询券', 300, 'EX1771805110019263', 'written_off', '2026-03-25T00:05:10.019Z', '2026-02-23T00:05:10.114Z', '2026-02-23T00:05:10.019Z') ON CONFLICT (id) DO UPDATE SET status = EXCLUDED.status, written_off_at = EXCLUDED.written_off_at;
INSERT INTO redemption_orders (id, user_id, item_id, item_name, points_cost, writeoff_token, status, expires_at, written_off_at, created_at) VALUES (2, 4, 3, '健康管理咨询券', 300, 'EX1771805203310618', 'written_off', '2026-03-25T00:06:43.310Z', '2026-02-23T00:06:43.456Z', '2026-02-23T00:06:43.310Z') ON CONFLICT (id) DO UPDATE SET status = EXCLUDED.status, written_off_at = EXCLUDED.written_off_at;
INSERT INTO redemption_orders (id, user_id, item_id, item_name, points_cost, writeoff_token, status, expires_at, written_off_at, created_at) VALUES (3, 2, 3, '健康管理咨询券', 300, 'EX1771815059291576', 'written_off', '2026-03-25T02:50:59.291Z', '2026-02-23T02:50:59.419Z', '2026-02-23T02:50:59.291Z') ON CONFLICT (id) DO UPDATE SET status = EXCLUDED.status, written_off_at = EXCLUDED.written_off_at;
INSERT INTO learning_courses (id, title, desc, type, type_label, progress, time_left, image, action, color, btn_color, points, category, content, created_at, updated_at) VALUES (1, '如何使用手机申领医保报销', '手把手教您在手机上操作，简单又省时', 'video', '视频课', 80, '2 分钟', 'https://picsum.photos/seed/course1/800/400', '继续学习', 'bg-black/60', 'bg-blue-500 text-white', 50, '医疗', '本节课程将详细演示如何通过官方APP或微信小程序，在线提交医疗报销凭证。无需线下排队，只需准备好发票、病历等材料的照片，跟着视频一步步操作即可完成申领。', '2026-02-23T11:26:45.152Z', '2026-02-23T11:26:45.152Z') ON CONFLICT (id) DO UPDATE SET title = EXCLUDED.title, progress = EXCLUDED.progress, updated_at = EXCLUDED.updated_at;
INSERT INTO learning_courses (id, title, desc, type, type_label, progress, time_left, image, action, color, btn_color, points, category, content, created_at, updated_at) VALUES (2, '三分钟看懂您的保单保障', '用通俗易懂的漫画带您理清保障范围', 'comic', '趣味漫画', 0, '约 3 分钟', 'https://picsum.photos/seed/course2/800/400', '开始学习', 'bg-blue-500', 'bg-blue-50 text-blue-600', 30, '理赔', '买完保险却不知道保什么？这篇漫画用生动的场景和比喻，帮您快速看懂保单中的核心条款：重疾险保哪些病？医疗险怎么报销？意外险包含哪些意外？让您的保单不再是天书。', '2026-02-23T11:26:45.152Z', '2026-02-23T11:26:45.152Z') ON CONFLICT (id) DO UPDATE SET title = EXCLUDED.title, progress = EXCLUDED.progress, updated_at = EXCLUDED.updated_at;
INSERT INTO learning_courses (id, title, desc, type, type_label, progress, time_left, image, action, color, btn_color, points, category, content, created_at, updated_at) VALUES (3, '2024养老金调整政策解读', '为您划重点，看看每月能多领多少钱', 'article', '实用图文', 45, '剩 5 分钟', 'https://picsum.photos/seed/course3/800/400', '继续阅读', 'bg-slate-800', 'bg-blue-500 text-white', 20, '养老', '2024年国家基本养老金上调政策正式发布。本次调整采取定额调整、挂钩调整与适当倾斜相结合的办法。本文将为您详细解读调整比例、计算方法以及高龄退休人员的特殊倾斜政策。', '2026-02-23T11:26:45.152Z', '2026-02-23T11:26:45.152Z') ON CONFLICT (id) DO UPDATE SET title = EXCLUDED.title, progress = EXCLUDED.progress, updated_at = EXCLUDED.updated_at;
INSERT INTO learning_course_completions (id, user_id, course_id, points_awarded, created_at) VALUES (1, 2, 1, 50, '2026-02-23T00:04:36.645Z') ON CONFLICT (id) DO NOTHING;
INSERT INTO learning_course_completions (id, user_id, course_id, points_awarded, created_at) VALUES (2, 3, 1, 50, '2026-02-23T00:05:09.977Z') ON CONFLICT (id) DO NOTHING;
INSERT INTO learning_course_completions (id, user_id, course_id, points_awarded, created_at) VALUES (3, 4, 1, 50, '2026-02-23T00:06:43.178Z') ON CONFLICT (id) DO NOTHING;
INSERT INTO learning_course_completions (id, user_id, course_id, points_awarded, created_at) VALUES (4, 7, 3, 20, '2026-02-23T03:45:22.442Z') ON CONFLICT (id) DO NOTHING;
INSERT INTO learning_course_completions (id, user_id, course_id, points_awarded, created_at) VALUES (5, 8, 1, 50, '2026-02-23T03:58:12.625Z') ON CONFLICT (id) DO NOTHING;
INSERT INTO learning_course_completions (id, user_id, course_id, points_awarded, created_at) VALUES (6, 5, 1, 50, '2026-02-23T07:34:17.496Z') ON CONFLICT (id) DO NOTHING;
INSERT INTO insurance_policies (id, user_id, company, name, type, icon, amount, next_payment, status, applicant, insured, period_start, period_end, annual_premium, payment_period, coverage_period, policy_no, created_at, updated_at) VALUES (1, NULL, '平安健康保险股份有限公司', '尊享e生2024', '医疗', 'stethoscope', 3000000, '2025-01-01', '保障中', '张*三', '张*三', '2024-01-01', '2024-12-31', 365, '1年交', '1年', '812345678901', '2026-02-23T11:26:45.152Z', '2026-02-23T11:26:45.152Z') ON CONFLICT (id) DO UPDATE SET status = EXCLUDED.status, annual_premium = EXCLUDED.annual_premium, updated_at = EXCLUDED.updated_at;
INSERT INTO policy_responsibilities (id, policy_id, name, desc, limit_amount, sort_order) VALUES (1, 1, '一般医疗保险金', '含住院/门诊手术/住院前后门诊', 3000000, 1) ON CONFLICT (id) DO NOTHING;
INSERT INTO policy_responsibilities (id, policy_id, name, desc, limit_amount, sort_order) VALUES (2, 1, '重疾医疗保险金', '120种特定重大疾病', 6000000, 2) ON CONFLICT (id) DO NOTHING;
INSERT INTO policy_payment_history (id, policy_id, payment_date, amount, note, status, sort_order) VALUES (1, 1, '2024-01-01', 365, '年度首缴', '支付成功', 1) ON CONFLICT (id) DO NOTHING;
INSERT INTO insurance_policies (id, user_id, company, name, type, icon, amount, next_payment, status, applicant, insured, period_start, period_end, annual_premium, payment_period, coverage_period, policy_no, created_at, updated_at) VALUES (2, NULL, '中国人寿保险', '国寿福重疾险', '重疾', 'heart-pulse', 500000, '2024-08-15', '保障中', '张*三', '张*三', '2023-08-15', '2043-08-14', 12000, '20年交', '终身', '812345678902', '2026-02-23T11:26:45.152Z', '2026-02-23T11:26:45.152Z') ON CONFLICT (id) DO UPDATE SET status = EXCLUDED.status, annual_premium = EXCLUDED.annual_premium, updated_at = EXCLUDED.updated_at;
INSERT INTO policy_responsibilities (id, policy_id, name, desc, limit_amount, sort_order) VALUES (3, 2, '重大疾病保险金', '120种重大疾病', 500000, 3) ON CONFLICT (id) DO NOTHING;
INSERT INTO policy_responsibilities (id, policy_id, name, desc, limit_amount, sort_order) VALUES (4, 2, '轻症疾病保险金', '40种轻症，最高6次', 150000, 4) ON CONFLICT (id) DO NOTHING;
INSERT INTO policy_payment_history (id, policy_id, payment_date, amount, note, status, sort_order) VALUES (2, 2, '2024-08-15', 12000, '年度缴费', '支付成功', 2) ON CONFLICT (id) DO NOTHING;
INSERT INTO insurance_policies (id, user_id, company, name, type, icon, amount, next_payment, status, applicant, insured, period_start, period_end, annual_premium, payment_period, coverage_period, policy_no, created_at, updated_at) VALUES (3, NULL, '太平洋保险', '太保意外伤害险', '意外', 'shield', 1000000, '2024-11-20', '保障中', '张*三', '张*三', '2023-11-20', '2024-11-19', 1200, '1年交', '1年', '812345678903', '2026-02-23T11:26:45.152Z', '2026-02-23T11:26:45.152Z') ON CONFLICT (id) DO UPDATE SET status = EXCLUDED.status, annual_premium = EXCLUDED.annual_premium, updated_at = EXCLUDED.updated_at;
INSERT INTO policy_responsibilities (id, policy_id, name, desc, limit_amount, sort_order) VALUES (5, 3, '意外身故/伤残', '按伤残等级给付', 1000000, 5) ON CONFLICT (id) DO NOTHING;
INSERT INTO policy_responsibilities (id, policy_id, name, desc, limit_amount, sort_order) VALUES (6, 3, '意外医疗', '门急诊及住院医疗费用', 100000, 6) ON CONFLICT (id) DO NOTHING;
INSERT INTO policy_payment_history (id, policy_id, payment_date, amount, note, status, sort_order) VALUES (3, 3, '2023-11-20', 1200, '年度首缴', '支付成功', 3) ON CONFLICT (id) DO NOTHING;
INSERT INTO insurance_policies (id, user_id, company, name, type, icon, amount, next_payment, status, applicant, insured, period_start, period_end, annual_premium, payment_period, coverage_period, policy_no, created_at, updated_at) VALUES (4, 2, '中国平安保险', '平安福21重疾险', '重疾', 'heart-pulse', 500000, '2025-02-20', '保障中', '张三', '张三', '2024-02-20', '终身', 12000, '20年交', '终身', 'PL1771805076719678', '2026-02-23T00:04:36.719Z', '2026-02-23T11:26:45.152Z') ON CONFLICT (id) DO UPDATE SET status = EXCLUDED.status, annual_premium = EXCLUDED.annual_premium, updated_at = EXCLUDED.updated_at;
INSERT INTO policy_responsibilities (id, policy_id, name, desc, limit_amount, sort_order) VALUES (7, 4, '重大疾病保险金', '覆盖常见重大疾病', 500000, 7) ON CONFLICT (id) DO NOTHING;
INSERT INTO policy_responsibilities (id, policy_id, name, desc, limit_amount, sort_order) VALUES (8, 4, '轻症疾病保险金', '轻症多次赔付', 150000, 8) ON CONFLICT (id) DO NOTHING;
INSERT INTO policy_payment_history (id, policy_id, payment_date, amount, note, status, sort_order) VALUES (4, 4, '2024-02-20', 12000, '首期缴费', '支付成功', 4) ON CONFLICT (id) DO NOTHING;
INSERT INTO insurance_policies (id, user_id, company, name, type, icon, amount, next_payment, status, applicant, insured, period_start, period_end, annual_premium, payment_period, coverage_period, policy_no, created_at, updated_at) VALUES (5, 4, '中国平安保险', '平安福21重疾险', '重疾', 'heart-pulse', 500000, '2025-02-20', '保障中', '张三', '张三', '2024-02-20', '终身', 12000, '20年交', '终身', 'PL1771805203244981', '2026-02-23T00:06:43.244Z', '2026-02-23T11:26:45.152Z') ON CONFLICT (id) DO UPDATE SET status = EXCLUDED.status, annual_premium = EXCLUDED.annual_premium, updated_at = EXCLUDED.updated_at;
INSERT INTO policy_responsibilities (id, policy_id, name, desc, limit_amount, sort_order) VALUES (9, 5, '重大疾病保险金', '覆盖常见重大疾病', 500000, 9) ON CONFLICT (id) DO NOTHING;
INSERT INTO policy_responsibilities (id, policy_id, name, desc, limit_amount, sort_order) VALUES (10, 5, '轻症疾病保险金', '轻症多次赔付', 150000, 10) ON CONFLICT (id) DO NOTHING;
INSERT INTO policy_payment_history (id, policy_id, payment_date, amount, note, status, sort_order) VALUES (5, 5, '2024-02-20', 12000, '首期缴费', '支付成功', 5) ON CONFLICT (id) DO NOTHING;
INSERT INTO insurance_policies (id, user_id, company, name, type, icon, amount, next_payment, status, applicant, insured, period_start, period_end, annual_premium, payment_period, coverage_period, policy_no, created_at, updated_at) VALUES (6, 7, '中国平安保险', '平安医疗升级版', '医疗', 'stethoscope', 500000, '2027-02-23', '保障中', '张三', '张三', '2026-02-23', '2046-02-22', 12000, '20年交', '20年', 'PL177181832256455', '2026-02-23T03:45:22.564Z', '2026-02-23T11:26:45.152Z') ON CONFLICT (id) DO UPDATE SET status = EXCLUDED.status, annual_premium = EXCLUDED.annual_premium, updated_at = EXCLUDED.updated_at;
INSERT INTO policy_responsibilities (id, policy_id, name, desc, limit_amount, sort_order) VALUES (11, 6, '一般医疗保险金', '住院及门急诊保障', 500000, 11) ON CONFLICT (id) DO NOTHING;
INSERT INTO policy_responsibilities (id, policy_id, name, desc, limit_amount, sort_order) VALUES (12, 6, '重疾医疗保险金', '重大疾病医疗额外保障', 1000000, 12) ON CONFLICT (id) DO NOTHING;
INSERT INTO policy_payment_history (id, policy_id, payment_date, amount, note, status, sort_order) VALUES (6, 6, '2026-02-23', 12000, '首期缴费', '支付成功', 6) ON CONFLICT (id) DO NOTHING;
INSERT INTO insurance_policies (id, user_id, company, name, type, icon, amount, next_payment, status, applicant, insured, period_start, period_end, annual_premium, payment_period, coverage_period, policy_no, created_at, updated_at) VALUES (7, 8, '中国平安保险', '平安福21重疾险', '重疾', 'heart-pulse', 500000, '2025-02-20', '保障中', '张三', '张三', '2024-02-20', '终身', 12000, '20年交', '终身', 'PL1771819092726607', '2026-02-23T03:58:12.726Z', '2026-02-23T11:26:45.152Z') ON CONFLICT (id) DO UPDATE SET status = EXCLUDED.status, annual_premium = EXCLUDED.annual_premium, updated_at = EXCLUDED.updated_at;
INSERT INTO policy_responsibilities (id, policy_id, name, desc, limit_amount, sort_order) VALUES (13, 7, '重大疾病保险金', '覆盖常见重大疾病', 500000, 13) ON CONFLICT (id) DO NOTHING;
INSERT INTO policy_responsibilities (id, policy_id, name, desc, limit_amount, sort_order) VALUES (14, 7, '轻症疾病保险金', '轻症多次赔付', 150000, 14) ON CONFLICT (id) DO NOTHING;
INSERT INTO policy_payment_history (id, policy_id, payment_date, amount, note, status, sort_order) VALUES (7, 7, '2024-02-20', 12000, '首期缴费', '支付成功', 7) ON CONFLICT (id) DO NOTHING;
COMMIT;
